id,provider_and_id,provider_code,provider_code_hebrew,file_type_police,accident_type,accident_type_hebrew,accident_severity,accident_severity_hebrew,accident_timestamp,location_accuracy,location_accuracy_hebrew,road_type,road_type_hebrew,road_shape,road_shape_hebrew,day_type,day_type_hebrew,police_unit,police_unit_hebrew,one_lane,one_lane_hebrew,multi_lane,multi_lane_hebrew,speed_limit,speed_limit_hebrew,road_intactness,road_intactness_hebrew,road_width,road_width_hebrew,road_sign,road_sign_hebrew,road_light,road_light_hebrew,road_control,road_control_hebrew,weather,weather_hebrew,road_surface,road_surface_hebrew,road_object,road_object_hebrew,object_distance,object_distance_hebrew,didnt_cross,didnt_cross_hebrew,cross_mode,cross_mode_hebrew,cross_location,cross_location_hebrew,cross_direction,cross_direction_hebrew,road1,road2,km,km_raw,km_accurate,yishuv_symbol,yishuv_name,geo_area,geo_area_hebrew,day_night,day_night_hebrew,day_in_week,day_in_week_hebrew,traffic_light,traffic_light_hebrew,region,region_hebrew,district,district_hebrew,natural_area,natural_area_hebrew,municipal_status,municipal_status_hebrew,yishuv_shape,yishuv_shape_hebrew,street1,street1_hebrew,street2,street2_hebrew,house_number,non_urban_intersection,non_urban_intersection_hebrew,non_urban_intersection_by_junction_number,urban_intersection,accident_year,accident_month,accident_day,accident_hour_raw,accident_hour_raw_hebrew,accident_hour,accident_minute,geom,longitude,latitude,x,y
2013008792,32013008792,3,הלשכה המרכזית לסטטיסטיקה - סוג תיק 3,,3,התנגשות חזית באחור,3,קלה,2013-12-15 08:00,2,מרכז ישוב,2,עירונית לא בצומת,9,אחר,4,יום אחר,20,"מחוז ת""א",9,לא ידוע מס מסלולים,,,,,,,,,5,לא ידוע,11,יום לא ידוע,,,9,לא ידוע,9,לא ידוע,9,לא ידוע,9,לא ידוע,9,לא ידוע,,,,,9,לא ידוע,,,,,,5000,תל אביב -יפו,1,ישראל ללא יהודה ושומרון,1,יום,1,ראשון,9,לא ידוע,5,תל אביב,51,תל אביב,511,אזור תל אביב,,,13,יישובים יהודיים 499999-200000 תושבים,,,,,9999,,,,,2013,12,15,33,,8,0,0101000020E610000076BA2BC065654140045D2158CE0A4040,34.7921676839368,32.0844221270472,180528.0,665747.0
2013008793,32013008793,3,הלשכה המרכזית לסטטיסטיקה - סוג תיק 3,,3,התנגשות חזית באחור,3,קלה,2013-12-15 08:00,2,מרכז ישוב,2,עירונית לא בצומת,9,אחר,4,יום אחר,14,מרחב עמקים,9,לא ידוע מס מסלולים,,,,,,,,,5,לא ידוע,11,יום לא ידוע,,,9,לא ידוע,9,לא ידוע,9,לא ידוע,9,לא ידוע,9,לא ידוע,,,,,9,לא ידוע,,,,,,240,יקנעם עילית,1,ישראל ללא יהודה ושומרון,1,יום,1,ראשון,9,לא ידוע,2,הצפון,23,יזרעאל,235,אזור יקנעם,,,16,יישובים יהודיים 49999-20000 תושבים,,,,,9999,,,,,2013,12,15,33,,8,0,0101000020E610000033E3A72A178C414003C3300D36534040,35.0944569892657,32.650087021646,209131.0,728407.0
2013008794,32013008794,3,הלשכה המרכזית לסטטיסטיקה - סוג תיק 3,,3,התנגשות חזית באחור,3,קלה,2013-11-07 08:00,1,עיגון מדויק,4,לא-עירונית לא בצומת,9,אחר,4,יום אחר,61,מחוז ירושלים,9,לא ידוע מס מסלולים,,,,,,,,,5,לא ידוע,11,יום לא ידוע,,,9,לא ידוע,9,לא ידוע,9,לא ידוע,9,לא ידוע,9,לא ידוע,,,,,9,לא ידוע,1,,380.0,380,true,,,1,ישראל ללא יהודה ושומרון,1,יום,5,חמישי,9,לא ידוע,,,99,,,,,,,,,,,,,,,,,2013,11,7,33,,8,0,0101000020E61000003C997AFEA9824140410718E1ADD13F40,35.0208128069521,31.8190594371474,202064.0,636262.0
2013008795,32013008795,3,הלשכה המרכזית לסטטיסטיקה - סוג תיק 3,,3,התנגשות חזית באחור,3,קלה,2013-12-17 08:00,3,מרכז דרך,2,עירונית לא בצומת,9,אחר,4,יום אחר,61,מחוז ירושלים,9,לא ידוע מס מסלולים,,,,,,,,,5,לא ידוע,11,יום לא ידוע,,,9,לא ידוע,9,לא ידוע,9,לא ידוע,9,לא ידוע,9,לא ידוע,,,,,9,לא ידוע,,,,,,3000,ירושלים,1,ישראל ללא יהודה ושומרון,1,יום,3,שלישי,9,לא ידוע,1,ירושלים,11,ירושלים,111,הרי יהודה,,,12,יישובים יהודיים 500000 תושבים ומעלה,4797,רחמילביץ משה,,,1,,,,,2013,12,17,33,,8,0,0101000020E610000042B87C9B35A0414007A92AC48AD23F40,35.2516359671577,31.8224299053336,223918.0,636622.0
2013008796,32013008796,3,הלשכה המרכזית לסטטיסטיקה - סוג תיק 3,,3,התנגשות חזית באחור,3,קלה,2013-12-17 08:00,1,עיגון מדויק,4,לא-עירונית לא בצומת,9,אחר,4,יום אחר,11,מרחב חוף (חיפה),9,לא ידוע מס מסלולים,,,,,,,,,5,לא ידוע,11,יום לא ידוע,,,9,לא ידוע,9,לא ידוע,9,לא ידוע,9,לא ידוע,9,לא ידוע,,,,,9,לא ידוע,4,,1780.0,1780,true,,,1,ישראל ללא יהודה ושומרון,1,יום,3,שלישי,9,לא ידוע,,,99,,,,,,,,,,,,,,,,,2013,12,17,33,,8,0,0101000020E61000001D483FE39679414034802DD36F4C4040,34.9499172266953,32.5971626255199,195556.0,722561.0
2013008797,32013008797,3,הלשכה המרכזית לסטטיסטיקה - סוג תיק 3,,3,התנגשות חזית באחור,3,קלה,2013-12-11 08:00,2,מרכז ישוב,2,עירונית לא בצומת,9,אחר,4,יום אחר,12,מרחב גליל,9,לא ידוע מס מסלולים,,,,,,,,,5,לא ידוע,11,יום לא ידוע,,,9,לא ידוע,9,לא ידוע,9,לא ידוע,9,לא ידוע,9,לא ידוע,,,,,9,לא ידוע,,,,,,1063,מעלות-תרשיחא,1,ישראל ללא יהודה ושומרון,1,יום,4,רביעי,9,לא ידוע,2,הצפון,24,עכו,243,אזור יחיעם,,,16,יישובים יהודיים 49999-20000 תושבים,,,,,9999,,,,,2013,12,11,33,,8,0,0101000020E6100000BF97BA169CA341407B55BD83BA814040,35.2782009516809,33.0135044741137,226342.0,768708.0
2013008798,32013008798,3,הלשכה המרכזית לסטטיסטיקה - סוג תיק 3,,3,התנגשות חזית באחור,3,קלה,2013-12-18 08:00,2,מרכז ישוב,2,עירונית לא בצומת,9,אחר,4,יום אחר,38,מרחב לכיש,9,לא ידוע מס מסלולים,,,,,,,,,5,לא ידוע,11,יום לא ידוע,,,9,לא ידוע,9,לא ידוע,9,לא ידוע,9,לא ידוע,9,לא ידוע,,,,,9,לא ידוע,,,,,,1066,"בני עי""ש",1,ישראל ללא יהודה ושומרון,1,יום,4,רביעי,9,לא ידוע,4,המרכז,44,רחובות,441,אזור רחובות,99,מועצה מקומית,18,יישובים יהודיים 9999-5000 תושבים,,,,,9999,,,,,2013,12,18,33,,8,0,0101000020E6100000CC9EE9186B6141408CB5F4DF89CA3F40,34.7610808506703,31.7911663029131,177460.0,633240.0
2013008799,32013008799,3,הלשכה המרכזית לסטטיסטיקה - סוג תיק 3,,3,התנגשות חזית באחור,3,קלה,2013-09-30 08:00,1,עיגון מדויק,4,לא-עירונית לא בצומת,9,אחר,4,יום אחר,52,מרחב שפלה,9,לא ידוע מס מסלולים,,,,,,,,,5,לא ידוע,11,יום לא ידוע,,,9,לא ידוע,9,לא ידוע,9,לא ידוע,9,לא ידוע,9,לא ידוע,,,,,9,לא ידוע,431,,100.0,100,true,,,1,ישראל ללא יהודה ושומרון,1,יום,2,שני,9,לא ידוע,,,99,,,,,,,,,,,,,,,,,2013,9,30,33,,8,0,0101000020E61000006CDF5073926141404348E73E6DF73F40,34.7622818131339,31.9665107073454,177653.0,652683.0
2013008800,32013008800,3,הלשכה המרכזית לסטטיסטיקה - סוג תיק 3,,3,התנגשות חזית באחור,3,קלה,2013-07-30 08:00,3,מרכז דרך,2,עירונית לא בצומת,9,אחר,4,יום אחר,52,מרחב שפלה,9,לא ידוע מס מסלולים,,,,,,,,,5,לא ידוע,11,יום לא ידוע,,,9,לא ידוע,9,לא ידוע,9,לא ידוע,9,לא ידוע,9,לא ידוע,,,,,9,לא ידוע,,,,,,8400,רחובות,1,ישראל ללא יהודה ושומרון,1,יום,3,שלישי,9,לא ידוע,4,המרכז,44,רחובות,441,אזור רחובות,,,14,יישובים יהודיים 199999-100000 תושבים,585,שד בגין מנחם,,,9999,,,,,2013,7,30,33,,8,0,0101000020E6100000272AF21E8D6941400F314376D0E73F40,34.824619167561,31.9055246271174,183522.0,645898.0
2013008801,32013008801,3,הלשכה המרכזית לסטטיסטיקה - סוג תיק 3,,3,התנגשות חזית באחור,3,קלה,2013-11-28 08:00,3,מרכז דרך,2,עירונית לא בצומת,9,אחר,4,יום אחר,34,מרחב נגב,9,לא ידוע מס מסלולים,,,,,,,,,5,לא ידוע,11,יום לא ידוע,,,9,לא ידוע,9,לא ידוע,9,לא ידוע,9,לא ידוע,9,לא ידוע,,,,,9,לא ידוע,,,,,,9000,באר שבע,1,ישראל ללא יהודה ושומרון,1,יום,5,חמישי,9,לא ידוע,6,הדרום,62,באר שבע,623,אזור באר שבע,,,14,יישובים יהודיים 199999-100000 תושבים,366,שד טוביהו דוד,,,9999,,,,,2013,11,28,33,,8,0,0101000020E61000009B76D654AB62414029191DB183403F40,34.770853619307,31.2520094581643,178149.0,573454.0
2013008802,32013008802,3,הלשכה המרכזית לסטטיסטיקה - סוג תיק 3,,3,התנגשות חזית באחור,3,קלה,2013-06-21 08:00,3,מרכז דרך,2,עירונית לא בצומת,9,אחר,4,יום אחר,14,מרחב עמקים,9,לא ידוע מס מסלולים,,,,,,,,,5,לא ידוע,11,יום לא ידוע,,,9,לא ידוע,9,לא ידוע,9,לא ידוע,9,לא ידוע,9,לא ידוע,,,,,9,לא ידוע,,,,,,7700,עפולה,1,ישראל ללא יהודה ושומרון,1,יום,6,שישי,9,לא ידוע,2,הצפון,23,יזרעאל,234,עמק יזרעאל,,,16,יישובים יהודיים 49999-20000 תושבים,328,שד רבין יצחק,,,9999,,,,,2013,6,21,33,,8,0,0101000020E6100000253044578EA74140A674FE96494F4040,35.3090313990545,32.6194332830867,229266.0,725007.0
2013008803,32013008803,3,הלשכה המרכזית לסטטיסטיקה - סוג תיק 3,,3,התנגשות חזית באחור,3,קלה,2013-07-04 08:00,1,עיגון מדויק,4,לא-עירונית לא בצומת,9,אחר,4,יום אחר,43,מרחב יהודה,9,לא ידוע מס מסלולים,,,,,,,,,5,לא ידוע,11,יום לא ידוע,,,9,לא ידוע,9,לא ידוע,9,לא ידוע,9,לא ידוע,9,לא ידוע,,,,,9,לא ידוע,446,,10.0,10,true,,,2,יהודה ושומרון,1,יום,5,חמישי,9,לא ידוע,,,99,,,,,,,,,,,,,,,,,2013,7,4,33,,8,0,0101000020E61000002B858D0764834140E6F49BCB44EA3F40,35.026490158178,31.9151122337106,202619.0,646912.0
2013008804,32013008804,3,הלשכה המרכזית לסטטיסטיקה - סוג תיק 3,,3,התנגשות חזית באחור,3,קלה,2013-12-05 08:00,3,מרכז דרך,2,עירונית לא בצומת,9,אחר,4,יום אחר,61,מחוז ירושלים,9,לא ידוע מס מסלולים,,,,,,,,,5,לא ידוע,11,יום לא ידוע,,,9,לא ידוע,9,לא ידוע,9,לא ידוע,9,לא ידוע,9,לא ידוע,,,,,9,לא ידוע,,,,,,3000,ירושלים,1,ישראל ללא יהודה ושומרון,1,יום,5,חמישי,9,לא ידוע,1,ירושלים,11,ירושלים,111,הרי יהודה,,,12,יישובים יהודיים 500000 תושבים ומעלה,4340,שד צ'רצ'יל,,,9999,,,,,2013,12,5,33,,8,0,0101000020E6100000D0C2F8564E9F414097111A090DCB3F40,35.244578238931,31.7931676567692,223251.0,633377.0
2015078271,32015078271,3,הלשכה המרכזית לסטטיסטיקה - סוג תיק 3,,11,החלקה,3,קלה,2015-09-03 09:45,3,מרכז דרך,4,לא-עירונית לא בצומת,9,אחר,4,יום אחר,51,מרחב השרון,9,לא ידוע מס מסלולים,,,,,,,,,5,לא ידוע,11,יום לא ידוע,,,9,לא ידוע,9,לא ידוע,9,לא ידוע,9,לא ידוע,9,לא ידוע,,,,,9,לא ידוע,4,,,,,,,1,ישראל ללא יהודה ושומרון,1,יום,5,חמישי,9,לא ידוע,,,99,,,,,,,,,,,,,,,,,2015,9,3,40,09:45-09:59,9,45,0101000020E6100000BD6E9E55627441400E39CF6E402E4040,34.9092509292218,32.3613413345175,191666.0,696419.0
2013008805,32013008805,3,הלשכה המרכזית לסטטיסטיקה - סוג תיק 3,,3,התנגשות חזית באחור,3,קלה,2013-12-17 08:00,2,מרכז ישוב,2,עירונית לא בצומת,9,אחר,4,יום אחר,52,מרחב שפלה,9,לא ידוע מס מסלולים,,,,,,,,,5,לא ידוע,11,יום לא ידוע,,,9,לא ידוע,9,לא ידוע,9,לא ידוע,9,לא ידוע,9,לא ידוע,,,,,9,לא ידוע,,,,,,1326,"בסמ""ה",1,ישראל ללא יהודה ושומרון,1,יום,3,שלישי,9,לא ידוע,3,חיפה,32,חדרה,323,הר אלכסנדר,99,מועצה מקומית,28,יישובים לא יהודיים 9999-5000 תושבים,,,,,9999,,,,,2013,12,17,33,,8,0,0101000020E6100000DDA9AB2F2F8E414081571BB9D6434040,35.1108150089455,32.5299903281693,210654.0,715087.0
2013008806,32013008806,3,הלשכה המרכזית לסטטיסטיקה - סוג תיק 3,,3,התנגשות חזית באחור,3,קלה,2013-10-01 08:00,1,עיגון מדויק,4,לא-עירונית לא בצומת,9,אחר,4,יום אחר,51,מרחב השרון,9,לא ידוע מס מסלולים,,,,,,,,,5,לא ידוע,11,יום לא ידוע,,,9,לא ידוע,9,לא ידוע,9,לא ידוע,9,לא ידוע,9,לא ידוע,,,,,9,לא ידוע,5710,,20.0,20,true,,,1,ישראל ללא יהודה ושומרון,1,יום,3,שלישי,9,לא ידוע,,,99,,,,,,,,,,,,,,,,,2013,10,1,33,,8,0,0101000020E6100000FCD620958D6F41404F04F3C9682E4040,34.871508255992,32.3625729023557,188114.0,696566.0
2013008807,32013008807,3,הלשכה המרכזית לסטטיסטיקה - סוג תיק 3,,3,התנגשות חזית באחור,3,קלה,2013-08-24 08:00,1,עיגון מדויק,1,עירונית בצומת,9,אחר,4,יום אחר,20,"מחוז ת""א",9,לא ידוע מס מסלולים,,,,,,,,,5,לא ידוע,11,יום לא ידוע,,,9,לא ידוע,9,לא ידוע,9,לא ידוע,9,לא ידוע,9,לא ידוע,,,,,9,לא ידוע,,,,,,5000,תל אביב -יפו,1,ישראל ללא יהודה ושומרון,1,יום,7,שבת,9,לא ידוע,5,תל אביב,51,תל אביב,511,אזור תל אביב,,,13,יישובים יהודיים 499999-200000 תושבים,1555,דרך בגין,1011,דרך נמיר מרדכי,,,,,80150537,2013,8,24,33,,8,0,0101000020E610000015BE1645886541405AFCCC27100A4040,34.7932211266563,32.0786180258662,180625.0,665103.0
2013008808,32013008808,3,הלשכה המרכזית לסטטיסטיקה - סוג תיק 3,,3,התנגשות חזית באחור,3,קלה,2013-12-16 08:00,2,מרכז ישוב,2,עירונית לא בצומת,9,אחר,4,יום אחר,51,מרחב השרון,9,לא ידוע מס מסלולים,,,,,,,,,5,לא ידוע,11,יום לא ידוע,,,9,לא ידוע,9,לא ידוע,9,לא ידוע,9,לא ידוע,9,לא ידוע,,,,,9,לא ידוע,,,,,,1309,אלעד,1,ישראל ללא יהודה ושומרון,1,יום,2,שני,9,לא ידוע,4,המרכז,42,פתח תקווה,422,אזור פתח תקווה,,,16,יישובים יהודיים 49999-20000 תושבים,,,,,9999,,,,,2013,12,16,33,,8,0,0101000020E610000077773CD46C7A4140B3E9A52EAD064040,34.9564461989639,32.0521601019022,196029.0,662122.0
2013008809,32013008809,3,הלשכה המרכזית לסטטיסטיקה - סוג תיק 3,,3,התנגשות חזית באחור,3,קלה,2013-02-26 08:00,3,מרכז דרך,2,עירונית לא בצומת,9,אחר,4,יום אחר,11,מרחב חוף (חיפה),9,לא ידוע מס מסלולים,,,,,,,,,5,לא ידוע,11,יום לא ידוע,,,9,לא ידוע,9,לא ידוע,9,לא ידוע,9,לא ידוע,9,לא ידוע,,,,,9,לא ידוע,,,,,,4000,חיפה,1,ישראל ללא יהודה ושומרון,1,יום,3,שלישי,9,לא ידוע,3,חיפה,31,חיפה,311,אזור חיפה,,,13,יישובים יהודיים 499999-200000 תושבים,1161,שד ההגנה,,,9999,,,,,2013,2,26,33,,8,0,0101000020E61000004D2348CB6B7A414040B0D8AC15684040,34.956414613937,32.8131614740419,196222.0,746514.0
2013008810,32013008810,3,הלשכה המרכזית לסטטיסטיקה - סוג תיק 3,,3,התנגשות חזית באחור,3,קלה,2013-08-20 08:00,3,מרכז דרך,2,עירונית לא בצומת,9,אחר,4,יום אחר,61,מחוז ירושלים,9,לא ידוע מס מסלולים,,,,,,,,,5,לא ידוע,11,יום לא ידוע,,,9,לא ידוע,9,לא ידוע,9,לא ידוע,9,לא ידוע,9,לא ידוע,,,,,9,לא ידוע,,,,,,3000,ירושלים,1,ישראל ללא יהודה ושומרון,1,יום,3,שלישי,9,לא ידוע,1,ירושלים,11,ירושלים,111,הרי יהודה,,,12,יישובים יהודיים 500000 תושבים ומעלה,1105,דרך בגין,,,9999,,,,,2013,8,20,33,,8,0,0101000020E61000005011E5D09799414091F5CD281EC93F40,35.199945556497,31.7856164458113,219024.0,632539.0
2013008811,32013008811,3,הלשכה המרכזית לסטטיסטיקה - סוג תיק 3,,3,התנגשות חזית באחור,3,קלה,2013-12-19 08:00,2,מרכז ישוב,2,עירונית לא בצומת,9,אחר,4,יום אחר,20,"מחוז ת""א",9,לא ידוע מס מסלולים,,,,,,,,,5,לא ידוע,11,יום לא ידוע,,,9,לא ידוע,9,לא ידוע,9,לא ידוע,9,לא ידוע,9,לא ידוע,,,,,9,לא ידוע,,,,,,2620,קריית אונו,1,ישראל ללא יהודה ושומרון,1,יום,5,חמישי,9,לא ידוע,5,תל אביב,51,תל אביב,512,אזור רמת גן,,,16,יישובים יהודיים 49999-20000 תושבים,,,,,9999,,,,,2013,12,19,33,,8,0,0101000020E6100000FDC5B000CF6D41406E76C1444C074040,34.8578797209884,32.0570150322572,186722.0,662686.0
2013008812,32013008812,3,הלשכה המרכזית לסטטיסטיקה - סוג תיק 3,,3,התנגשות חזית באחור,3,קלה,2013-01-27 08:00,2,מרכז ישוב,2,עירונית לא בצומת,9,אחר,4,יום אחר,51,מרחב השרון,9,לא ידוע מס מסלולים,,,,,,,,,5,לא ידוע,11,יום לא ידוע,,,9,לא ידוע,9,לא ידוע,9,לא ידוע,9,לא ידוע,9,לא ידוע,,,,,9,לא ידוע,,,,,,355,חורשים,1,ישראל ללא יהודה ושומרון,1,יום,1,ראשון,9,לא ידוע,4,המרכז,42,פתח תקווה,421,דרום השרון,20,דרום השרון,33,קיבוצים,,,,,9999,,,,,2013,1,27,33,,8,0,0101000020E6100000AFBFB9124B7C414090D65B63AF114040,34.9710410506226,32.138164920657,197428.0,671656.0
2013008813,32013008813,3,הלשכה המרכזית לסטטיסטיקה - סוג תיק 3,,3,התנגשות חזית באחור,3,קלה,2013-12-30 08:00,1,עיגון מדויק,3,לא-עירונית בצומת,9,אחר,4,יום אחר,51,מרחב השרון,9,לא ידוע מס מסלולים,,,,,,,,,5,לא ידוע,11,יום לא ידוע,,,9,לא ידוע,9,לא ידוע,9,לא ידוע,9,לא ידוע,9,לא ידוע,,,,,9,לא ידוע,4,551,1368.0,1368,true,,,1,ישראל ללא יהודה ושומרון,1,יום,2,שני,9,לא ידוע,,,99,,,,,,,,,,,,,332,מחלף הדרים,מחלף הדרים,,2013,12,30,33,,8,0,0101000020E61000000E27894554714140AA481B781C1E4040,34.8853842658701,32.2352438100073,189378.0,682442.0
2013008814,32013008814,3,הלשכה המרכזית לסטטיסטיקה - סוג תיק 3,,3,התנגשות חזית באחור,3,קלה,2013-12-08 08:00,3,מרכז דרך,2,עירונית לא בצומת,9,אחר,4,יום אחר,11,מרחב חוף (חיפה),9,לא ידוע מס מסלולים,,,,,,,,,5,לא ידוע,11,יום לא ידוע,,,9,לא ידוע,9,לא ידוע,9,לא ידוע,9,לא ידוע,9,לא ידוע,,,,,9,לא ידוע,,,,,,4000,חיפה,1,ישראל ללא יהודה ושומרון,1,יום,1,ראשון,9,לא ידוע,3,חיפה,31,חיפה,311,אזור חיפה,,,13,יישובים יהודיים 499999-200000 תושבים,195,שד ההסתדרות,,,9999,,,,,2013,12,8,33,,8,0,0101000020E6100000431ECE61B78641408F77C4C1A3664040,35.0524713760792,32.8018724641143,205216.0,745245.0
2013008816,32013008816,3,הלשכה המרכזית לסטטיסטיקה - סוג תיק 3,,3,התנגשות חזית באחור,3,קלה,2013-12-05 08:00,1,עיגון מדויק,4,לא-עירונית לא בצומת,9,אחר,4,יום אחר,51,מרחב השרון,9,לא ידוע מס מסלולים,,,,,,,,,5,לא ידוע,11,יום לא ידוע,,,9,לא ידוע,9,לא ידוע,9,לא ידוע,9,לא ידוע,9,לא ידוע,,,,,9,לא ידוע,40,,2880.0,2880,true,,,1,ישראל ללא יהודה ושומרון,1,יום,5,חמישי,9,לא ידוע,,,99,,,,,,,,,,,,,,,,,2013,12,5,33,,8,0,0101000020E610000043D00912B473414002B8CCB543074040,34.9039328143995,32.0567538499454,191071.0,662644.0
2013008817,32013008817,3,הלשכה המרכזית לסטטיסטיקה - סוג תיק 3,,3,התנגשות חזית באחור,3,קלה,2013-12-16 08:00,1,עיגון מדויק,4,לא-עירונית לא בצומת,9,אחר,4,יום אחר,12,מרחב גליל,9,לא ידוע מס מסלולים,,,,,,,,,5,לא ידוע,11,יום לא ידוע,,,9,לא ידוע,9,לא ידוע,9,לא ידוע,9,לא ידוע,9,לא ידוע,,,,,9,לא ידוע,85,,86.0,86,true,,,1,ישראל ללא יהודה ושומרון,1,יום,2,שני,9,לא ידוע,,,99,,,,,,,,,,,,,,,,,2013,12,16,33,,8,0,0101000020E610000005C657D3DC954140FA9C60A6B8744040,35.1708015612203,32.9118850681061,216303.0,757436.0
2013008818,32013008818,3,הלשכה המרכזית לסטטיסטיקה - סוג תיק 3,,3,התנגשות חזית באחור,3,קלה,2013-12-24 08:00,3,מרכז דרך,2,עירונית לא בצומת,9,אחר,4,יום אחר,11,מרחב חוף (חיפה),9,לא ידוע מס מסלולים,,,,,,,,,5,לא ידוע,11,יום לא ידוע,,,9,לא ידוע,9,לא ידוע,9,לא ידוע,9,לא ידוע,9,לא ידוע,,,,,9,לא ידוע,,,,,,4000,חיפה,1,ישראל ללא יהודה ושומרון,1,יום,3,שלישי,9,לא ידוע,3,חיפה,31,חיפה,311,אזור חיפה,,,13,יישובים יהודיים 499999-200000 תושבים,4059,גשר פז,,,9999,,,,,2013,12,24,33,,8,0,0101000020E6100000946EA0116C82414080F6C80A22664040,35.0189229997024,32.7979138833298,202073.0,744811.0
2013008819,32013008819,3,הלשכה המרכזית לסטטיסטיקה - סוג תיק 3,,3,התנגשות חזית באחור,3,קלה,2013-12-26 08:00,3,מרכז דרך,2,עירונית לא בצומת,9,אחר,4,יום אחר,52,מרחב שפלה,9,לא ידוע מס מסלולים,,,,,,,,,5,לא ידוע,11,יום לא ידוע,,,9,לא ידוע,9,לא ידוע,9,לא ידוע,9,לא ידוע,9,לא ידוע,,,,,9,לא ידוע,,,,,,8400,רחובות,1,ישראל ללא יהודה ושומרון,1,יום,5,חמישי,9,לא ידוע,4,המרכז,44,רחובות,441,אזור רחובות,,,14,יישובים יהודיים 199999-100000 תושבים,749,הרב מדר זכריה,,,9999,,,,,2013,12,26,33,,8,0,0101000020E61000004DD744D4E768414097BE93FD5BE33F40,34.8195748649729,31.8881224141793,183038.0,643970.0
2013008820,32013008820,3,הלשכה המרכזית לסטטיסטיקה - סוג תיק 3,,3,התנגשות חזית באחור,3,קלה,2013-12-11 08:00,3,מרכז דרך,2,עירונית לא בצומת,9,אחר,4,יום אחר,52,מרחב שפלה,9,לא ידוע מס מסלולים,,,,,,,,,5,לא ידוע,11,יום לא ידוע,,,9,לא ידוע,9,לא ידוע,9,לא ידוע,9,לא ידוע,9,לא ידוע,,,,,9,לא ידוע,,,,,,7200,נס ציונה,1,ישראל ללא יהודה ושומרון,1,יום,4,רביעי,9,לא ידוע,4,המרכז,44,רחובות,442,אזור ראשון לציון,,,16,יישובים יהודיים 49999-20000 תושבים,109,הבנים,,,9999,,,,,2013,12,11,33,,8,0,0101000020E6100000E5F5482E646741404638BEA43BEE3F40,34.8077447754147,31.9305975880054,181936.0,648684.0
2013008821,32013008821,3,הלשכה המרכזית לסטטיסטיקה - סוג תיק 3,,3,התנגשות חזית באחור,3,קלה,2013-12-29 08:00,3,מרכז דרך,2,עירונית לא בצומת,9,אחר,4,יום אחר,20,"מחוז ת""א",9,לא ידוע מס מסלולים,,,,,,,,,5,לא ידוע,11,יום לא ידוע,,,9,לא ידוע,9,לא ידוע,9,לא ידוע,9,לא ידוע,9,לא ידוע,,,,,9,לא ידוע,,,,,,5000,תל אביב -יפו,1,ישראל ללא יהודה ושומרון,1,יום,1,ראשון,9,לא ידוע,5,תל אביב,51,תל אביב,511,אזור תל אביב,,,13,יישובים יהודיים 499999-200000 תושבים,2378,דרך שלמה,,,9999,,,,,2013,12,29,33,,8,0,0101000020E6100000C43815C9AA624140904307F503074040,34.7708369592306,32.0548082623928,178501.0,662471.0
2013008822,32013008822,3,הלשכה המרכזית לסטטיסטיקה - סוג תיק 3,,3,התנגשות חזית באחור,3,קלה,2013-12-29 08:00,1,עיגון מדויק,4,לא-עירונית לא בצומת,9,אחר,4,יום אחר,11,מרחב חוף (חיפה),9,לא ידוע מס מסלולים,,,,,,,,,5,לא ידוע,11,יום לא ידוע,,,9,לא ידוע,9,לא ידוע,9,לא ידוע,9,לא ידוע,9,לא ידוע,,,,,9,לא ידוע,70,,268.0,268,true,,,1,ישראל ללא יהודה ושומרון,1,יום,1,ראשון,9,לא ידוע,,,99,,,,,,,,,,,,,,,,,2013,12,29,33,,8,0,0101000020E610000036949D644F884140AC12DDE564514040,35.0649228829792,32.6358916596849,206358.0,726836.0
2013008823,32013008823,3,הלשכה המרכזית לסטטיסטיקה - סוג תיק 3,,3,התנגשות חזית באחור,3,קלה,2013-12-30 08:00,3,מרכז דרך,2,עירונית לא בצומת,9,אחר,4,יום אחר,20,"מחוז ת""א",9,לא ידוע מס מסלולים,,,,,,,,,5,לא ידוע,11,יום לא ידוע,,,9,לא ידוע,9,לא ידוע,9,לא ידוע,9,לא ידוע,9,לא ידוע,,,,,9,לא ידוע,,,,,,2620,קריית אונו,1,ישראל ללא יהודה ושומרון,1,יום,2,שני,9,לא ידוע,5,תל אביב,51,תל אביב,512,אזור רמת גן,,,16,יישובים יהודיים 49999-20000 תושבים,210,אשכול לוי,,,9999,,,,,2013,12,30,33,,8,0,0101000020E6100000BAA32E086E6E41404398D050E9074040,34.8627329089863,32.0618077295808,187182.0,663216.0
2013008824,32013008824,3,הלשכה המרכזית לסטטיסטיקה - סוג תיק 3,,3,התנגשות חזית באחור,3,קלה,2013-12-29 08:00,2,מרכז ישוב,2,עירונית לא בצומת,9,אחר,4,יום אחר,11,מרחב חוף (חיפה),9,לא ידוע מס מסלולים,,,,,,,,,5,לא ידוע,11,יום לא ידוע,,,9,לא ידוע,9,לא ידוע,9,לא ידוע,9,לא ידוע,9,לא ידוע,,,,,9,לא ידוע,,,,,,9600,קריית ים,1,ישראל ללא יהודה ושומרון,1,יום,1,ראשון,9,לא ידוע,3,חיפה,31,חיפה,311,אזור חיפה,,,16,יישובים יהודיים 49999-20000 תושבים,,,,,9999,,,,,2013,12,29,33,,8,0,0101000020E6100000D0A3342B2C8941404CF88D9ACB6C4040,35.0716604239493,32.8499634926999,207020.0,750576.0
2013008825,32013008825,3,הלשכה המרכזית לסטטיסטיקה - סוג תיק 3,,3,התנגשות חזית באחור,3,קלה,2013-09-12 08:00,3,מרכז דרך,4,לא-עירונית לא בצומת,9,אחר,4,יום אחר,11,מרחב חוף (חיפה),9,לא ידוע מס מסלולים,,,,,,,,,5,לא ידוע,11,יום לא ידוע,,,9,לא ידוע,9,לא ידוע,9,לא ידוע,9,לא ידוע,9,לא ידוע,,,,,9,לא ידוע,22,,30.0,30,true,,,1,ישראל ללא יהודה ושומרון,1,יום,5,חמישי,9,לא ידוע,,,99,,,,,,,,,,,,,,,,,2013,9,12,33,,8,0,0101000020E610000087AE7DBE55884140B60A2B902B674040,35.0651167024308,32.80601694204,206401.0,745703.0
2013008826,32013008826,3,הלשכה המרכזית לסטטיסטיקה - סוג תיק 3,,3,התנגשות חזית באחור,3,קלה,2013-10-08 08:00,1,עיגון מדויק,2,עירונית לא בצומת,9,אחר,4,יום אחר,52,מרחב שפלה,9,לא ידוע מס מסלולים,,,,,,,,,5,לא ידוע,11,יום לא ידוע,,,9,לא ידוע,9,לא ידוע,9,לא ידוע,9,לא ידוע,9,לא ידוע,,,,,9,לא ידוע,,,,,,8300,ראשון לציון,1,ישראל ללא יהודה ושומרון,1,יום,3,שלישי,9,לא ידוע,4,המרכז,44,רחובות,442,אזור ראשון לציון,,,13,יישובים יהודיים 499999-200000 תושבים,907,"אצ""ל",,,24,,,,,2013,10,8,33,,8,0,0101000020E61000003482B3A58D614140FABDDE548EFD3F40,34.7621352316386,31.9904530566982,177650.0,655338.0
2013008827,32013008827,3,הלשכה המרכזית לסטטיסטיקה - סוג תיק 3,,3,התנגשות חזית באחור,3,קלה,2013-10-09 08:00,1,עיגון מדויק,2,עירונית לא בצומת,9,אחר,4,יום אחר,20,"מחוז ת""א",9,לא ידוע מס מסלולים,,,,,,,,,5,לא ידוע,11,יום לא ידוע,,,9,לא ידוע,9,לא ידוע,9,לא ידוע,9,לא ידוע,9,לא ידוע,,,,,9,לא ידוע,,,,,,2650,רמת השרון,1,ישראל ללא יהודה ושומרון,1,יום,4,רביעי,9,לא ידוע,5,תל אביב,51,תל אביב,511,אזור תל אביב,,,16,יישובים יהודיים 49999-20000 תושבים,209,סוקולוב,,,11,,,,,2013,10,9,33,,8,0,0101000020E61000004405CD6DFA6A4140E38F9F1FD4114040,34.835767483814,32.1392859963523,184665.0,671816.0
2013008828,32013008828,3,הלשכה המרכזית לסטטיסטיקה - סוג תיק 3,,3,התנגשות חזית באחור,3,קלה,2013-10-14 08:00,1,עיגון מדויק,4,לא-עירונית לא בצומת,9,אחר,4,יום אחר,12,מרחב גליל,9,לא ידוע מס מסלולים,,,,,,,,,5,לא ידוע,11,יום לא ידוע,,,9,לא ידוע,9,לא ידוע,9,לא ידוע,9,לא ידוע,9,לא ידוע,,,,,9,לא ידוע,4,,2380.0,2380,true,,,1,ישראל ללא יהודה ושומרון,1,יום,2,שני,9,לא ידוע,,,99,,,,,,,,,,,,,,,,,2013,10,14,33,,8,0,0101000020E610000019FF5F7E308C4140F122B06B2D7E4040,35.0952299088223,32.9857611284296,209242.0,765634.0
2013008829,32013008829,3,הלשכה המרכזית לסטטיסטיקה - סוג תיק 3,,3,התנגשות חזית באחור,3,קלה,2013-10-09 08:00,2,מרכז ישוב,2,עירונית לא בצומת,9,אחר,4,יום אחר,34,מרחב נגב,9,לא ידוע מס מסלולים,,,,,,,,,5,לא ידוע,11,יום לא ידוע,,,9,לא ידוע,9,לא ידוע,9,לא ידוע,9,לא ידוע,9,לא ידוע,,,,,9,לא ידוע,,,,,,2200,דימונה,1,ישראל ללא יהודה ושומרון,1,יום,4,רביעי,9,לא ידוע,6,הדרום,62,באר שבע,626,הר הנגב הצפוני,,,16,יישובים יהודיים 49999-20000 תושבים,,,,,9999,,,,,2013,10,9,33,,8,0,0101000020E61000003C907781DE8841406BE880A243093F40,35.0692903360182,31.0361882748333,206547.0,549452.0
2013008830,32013008830,3,הלשכה המרכזית לסטטיסטיקה - סוג תיק 3,,3,התנגשות חזית באחור,3,קלה,2013-10-02 08:00,3,מרכז דרך,2,עירונית לא בצומת,9,אחר,4,יום אחר,20,"מחוז ת""א",9,לא ידוע מס מסלולים,,,,,,,,,5,לא ידוע,11,יום לא ידוע,,,9,לא ידוע,9,לא ידוע,9,לא ידוע,9,לא ידוע,9,לא ידוע,,,,,9,לא ידוע,,,,,,8600,רמת גן,1,ישראל ללא יהודה ושומרון,1,יום,4,רביעי,9,לא ידוע,5,תל אביב,51,תל אביב,512,אזור רמת גן,,,14,יישובים יהודיים 199999-100000 תושבים,1013,בית שמאי,,,9999,,,,,2013,10,2,33,,8,0,0101000020E6100000BC135E0E4D69414036DF14C5C40A4040,34.8226640662537,32.0841299392618,183407.0,665704.0
2013008831,32013008831,3,הלשכה המרכזית לסטטיסטיקה - סוג תיק 3,,3,התנגשות חזית באחור,3,קלה,2013-10-21 08:00,3,מרכז דרך,4,לא-עירונית לא בצומת,9,אחר,4,יום אחר,61,מחוז ירושלים,9,לא ידוע מס מסלולים,,,,,,,,,5,לא ידוע,11,יום לא ידוע,,,9,לא ידוע,9,לא ידוע,9,לא ידוע,9,לא ידוע,9,לא ידוע,,,,,9,לא ידוע,1,,,,,,,1,ישראל ללא יהודה ושומרון,1,יום,2,שני,9,לא ידוע,,,99,,,,,,,,,,,,,,,,,2013,10,21,33,,8,0,0101000020E610000072A3A5317D8E4140A89EEB4EE5CC3F40,35.1131956156522,31.8003739667171,210809.0,634179.0
2013008832,32013008832,3,הלשכה המרכזית לסטטיסטיקה - סוג תיק 3,,3,התנגשות חזית באחור,3,קלה,2013-10-22 08:00,1,עיגון מדויק,4,לא-עירונית לא בצומת,9,אחר,4,יום אחר,52,מרחב שפלה,9,לא ידוע מס מסלולים,,,,,,,,,5,לא ידוע,11,יום לא ידוע,,,9,לא ידוע,9,לא ידוע,9,לא ידוע,9,לא ידוע,9,לא ידוע,,,,,9,לא ידוע,411,,110.0,110,true,,,1,ישראל ללא יהודה ושומרון,1,יום,3,שלישי,9,לא ידוע,,,99,,,,,,,,,,,,,,,,,2013,10,22,33,,8,0,0101000020E6100000891769F391684140EA6C338F92DB3F40,34.8169540656227,31.8577050686407,182778.0,640598.0
2013008833,32013008833,3,הלשכה המרכזית לסטטיסטיקה - סוג תיק 3,,3,התנגשות חזית באחור,3,קלה,2013-10-22 08:00,2,מרכז ישוב,2,עירונית לא בצומת,9,אחר,4,יום אחר,20,"מחוז ת""א",9,לא ידוע מס מסלולים,,,,,,,,,5,לא ידוע,11,יום לא ידוע,,,9,לא ידוע,9,לא ידוע,9,לא ידוע,9,לא ידוע,9,לא ידוע,,,,,9,לא ידוע,,,,,,8600,רמת גן,1,ישראל ללא יהודה ושומרון,1,יום,3,שלישי,9,לא ידוע,5,תל אביב,51,תל אביב,512,אזור רמת גן,,,14,יישובים יהודיים 199999-100000 תושבים,,,,,9999,,,,,2013,10,22,33,,8,0,0101000020E6100000B365241AF0694140635D98A834084040,34.8276398351403,32.0641070121735,183869.0,663482.0
2013008834,32013008834,3,הלשכה המרכזית לסטטיסטיקה - סוג תיק 3,,3,התנגשות חזית באחור,3,קלה,2013-10-16 08:00,1,עיגון מדויק,4,לא-עירונית לא בצומת,9,אחר,4,יום אחר,51,מרחב השרון,9,לא ידוע מס מסלולים,,,,,,,,,5,לא ידוע,11,יום לא ידוע,,,9,לא ידוע,9,לא ידוע,9,לא ידוע,9,לא ידוע,9,לא ידוע,,,,,9,לא ידוע,2,,480.0,480,true,,,1,ישראל ללא יהודה ושומרון,1,יום,4,רביעי,9,לא ידוע,,,99,,,,,,,,,,,,,,,,,2013,10,16,33,,8,0,0101000020E610000053C0C231906F4140FA5F6413DA2D4040,34.8715879631933,32.3582176437485,188120.0,696083.0
2013008835,32013008835,3,הלשכה המרכזית לסטטיסטיקה - סוג תיק 3,,3,התנגשות חזית באחור,3,קלה,2013-10-20 08:00,2,מרכז ישוב,2,עירונית לא בצומת,9,אחר,4,יום אחר,20,"מחוז ת""א",9,לא ידוע מס מסלולים,,,,,,,,,5,לא ידוע,11,יום לא ידוע,,,9,לא ידוע,9,לא ידוע,9,לא ידוע,9,לא ידוע,9,לא ידוע,,,,,9,לא ידוע,,,,,,8600,רמת גן,1,ישראל ללא יהודה ושומרון,1,יום,1,ראשון,9,לא ידוע,5,תל אביב,51,תל אביב,512,אזור רמת גן,,,14,יישובים יהודיים 199999-100000 תושבים,,,,,9999,,,,,2013,10,20,33,,8,0,0101000020E6100000B365241AF0694140635D98A834084040,34.8276398351403,32.0641070121735,183869.0,663482.0
2013008836,32013008836,3,הלשכה המרכזית לסטטיסטיקה - סוג תיק 3,,3,התנגשות חזית באחור,3,קלה,2013-10-08 08:00,2,מרכז ישוב,2,עירונית לא בצומת,9,אחר,4,יום אחר,61,מחוז ירושלים,9,לא ידוע מס מסלולים,,,,,,,,,5,לא ידוע,11,יום לא ידוע,,,9,לא ידוע,9,לא ידוע,9,לא ידוע,9,לא ידוע,9,לא ידוע,,,,,9,לא ידוע,,,,,,3000,ירושלים,1,ישראל ללא יהודה ושומרון,1,יום,3,שלישי,9,לא ידוע,1,ירושלים,11,ירושלים,111,הרי יהודה,,,12,יישובים יהודיים 500000 תושבים ומעלה,108,אג ספורט אליצור,,,9999,,,,,2013,10,8,33,,8,0,0101000020E6100000683002F2519A4140B7C2EF2851C73F40,35.2056257734956,31.7785821519235,219562.0,631759.0
2013008837,32013008837,3,הלשכה המרכזית לסטטיסטיקה - סוג תיק 3,,3,התנגשות חזית באחור,3,קלה,2013-10-17 08:00,2,מרכז ישוב,2,עירונית לא בצומת,9,אחר,4,יום אחר,52,מרחב שפלה,9,לא ידוע מס מסלולים,,,,,,,,,5,לא ידוע,11,יום לא ידוע,,,9,לא ידוע,9,לא ידוע,9,לא ידוע,9,לא ידוע,9,לא ידוע,,,,,9,לא ידוע,,,,,,1200,מודיעין-מכבים-רעות*,1,ישראל ללא יהודה ושומרון,1,יום,5,חמישי,9,לא ידוע,4,המרכז,43,רמלה,431,אזור לוד,,,15,יישובים יהודיים 99999-50000 תושבים,,,,,9999,,,,,2013,10,17,33,,8,0,0101000020E61000003637DF36CD7E4140D926CCA18FE53F40,34.9906376447602,31.8967229007165,199224.0,644879.0
2013008838,32013008838,3,הלשכה המרכזית לסטטיסטיקה - סוג תיק 3,,3,התנגשות חזית באחור,3,קלה,2013-09-09 08:00,1,עיגון מדויק,3,לא-עירונית בצומת,9,אחר,4,יום אחר,51,מרחב השרון,9,לא ידוע מס מסלולים,,,,,,,,,5,לא ידוע,11,יום לא ידוע,,,9,לא ידוע,9,לא ידוע,9,לא ידוע,9,לא ידוע,9,לא ידוע,,,,,9,לא ידוע,4,553,1392.0,1392,true,,,1,ישראל ללא יהודה ושומרון,1,יום,2,שני,9,לא ידוע,,,99,,,,,,,,,,,,,335,צומת דרור,צומת דרור,,2013,9,9,33,,8,0,0101000020E61000001CCCE3262572414068DA2661F5204040,34.89175878642,32.2574883880341,189986.0,684907.0
2013008839,32013008839,3,הלשכה המרכזית לסטטיסטיקה - סוג תיק 3,,3,התנגשות חזית באחור,3,קלה,2013-09-09 08:00,3,מרכז דרך,2,עירונית לא בצומת,9,אחר,4,יום אחר,51,מרחב השרון,9,לא ידוע מס מסלולים,,,,,,,,,5,לא ידוע,11,יום לא ידוע,,,9,לא ידוע,9,לא ידוע,9,לא ידוע,9,לא ידוע,9,לא ידוע,,,,,9,לא ידוע,,,,,,7900,פתח תקווה,1,ישראל ללא יהודה ושומרון,1,יום,2,שני,9,לא ידוע,4,המרכז,42,פתח תקווה,422,אזור פתח תקווה,,,13,יישובים יהודיים 499999-200000 תושבים,1035,דרך אם המושבות,,,9999,,,,,2013,9,9,33,,8,0,0101000020E61000000723896C4F6E4140E4A1DCB4120D4040,34.8617988271345,32.1021333768183,187108.0,667688.0
2013008840,32013008840,3,הלשכה המרכזית לסטטיסטיקה - סוג תיק 3,,3,התנגשות חזית באחור,3,קלה,2013-10-06 08:00,3,מרכז דרך,2,עירונית לא בצומת,9,אחר,4,יום אחר,20,"מחוז ת""א",9,לא ידוע מס מסלולים,,,,,,,,,5,לא ידוע,11,יום לא ידוע,,,9,לא ידוע,9,לא ידוע,9,לא ידוע,9,לא ידוע,9,לא ידוע,,,,,9,לא ידוע,,,,,,2400,אור יהודה,1,ישראל ללא יהודה ושומרון,1,יום,1,ראשון,9,לא ידוע,5,תל אביב,51,תל אביב,512,אזור רמת גן,,,16,יישובים יהודיים 49999-20000 תושבים,216,שד בן פורת מרדכי,,,9999,,,,,2013,10,6,33,,8,0,0101000020E610000026C1FD74E96C41408DB5C1B09C034040,34.8508745421444,32.0282193132253,186050.0,659495.0
2013008841,32013008841,3,הלשכה המרכזית לסטטיסטיקה - סוג תיק 3,,3,התנגשות חזית באחור,3,קלה,2013-09-29 08:00,1,עיגון מדויק,3,לא-עירונית בצומת,9,אחר,4,יום אחר,38,מרחב לכיש,9,לא ידוע מס מסלולים,,,,,,,,,5,לא ידוע,11,יום לא ידוע,,,9,לא ידוע,9,לא ידוע,9,לא ידוע,9,לא ידוע,9,לא ידוע,,,,,9,לא ידוע,40,3,2438.0,2438,true,,,1,ישראל ללא יהודה ושומרון,1,יום,1,ראשון,9,לא ידוע,,,99,,,,,,,,,,,,,125,צומת מלאכי (קסטינה),צומת מלאכי (קסטינה),,2013,9,29,33,,8,0,0101000020E610000068A5338003614140E2C5C8AB95BB3F40,34.757919335573,31.7327525487107,177134.0,626764.0
2013008842,32013008842,3,הלשכה המרכזית לסטטיסטיקה - סוג תיק 3,,3,התנגשות חזית באחור,3,קלה,2013-10-08 08:00,3,מרכז דרך,2,עירונית לא בצומת,9,אחר,4,יום אחר,38,מרחב לכיש,9,לא ידוע מס מסלולים,,,,,,,,,5,לא ידוע,11,יום לא ידוע,,,9,לא ידוע,9,לא ידוע,9,לא ידוע,9,לא ידוע,9,לא ידוע,,,,,9,לא ידוע,,,,,,7100,אשקלון,1,ישראל ללא יהודה ושומרון,1,יום,3,שלישי,9,לא ידוע,6,הדרום,61,אשקלון,614,אזור אשקלון,,,14,יישובים יהודיים 199999-100000 תושבים,630,ההסתדרות,,,9999,,,,,2013,10,8,33,,8,0,0101000020E610000094A0391AC447414038E4B81F67A83F40,34.5606720715888,31.6578235460658,158392.0,618549.0
2013008843,32013008843,3,הלשכה המרכזית לסטטיסטיקה - סוג תיק 3,,3,התנגשות חזית באחור,3,קלה,2013-10-17 08:00,1,עיגון מדויק,1,עירונית בצומת,9,אחר,4,יום אחר,20,"מחוז ת""א",9,לא ידוע מס מסלולים,,,,,,,,,5,לא ידוע,11,יום לא ידוע,,,9,לא ידוע,9,לא ידוע,9,לא ידוע,9,לא ידוע,9,לא ידוע,,,,,9,לא ידוע,,,,,,6200,בת ים,1,ישראל ללא יהודה ושומרון,1,יום,5,חמישי,9,לא ידוע,5,תל אביב,51,תל אביב,513,אזור חולון,,,14,יישובים יהודיים 199999-100000 תושבים,401,כצנלסון ברל,503,מבצע סיני,,,,,8240041,2013,10,17,33,,8,0,0101000020E6100000342A02F897604140CB32768ED0024040,34.7546377192088,32.0219896390095,176956.0,658838.0
2013008844,32013008844,3,הלשכה המרכזית לסטטיסטיקה - סוג תיק 3,,3,התנגשות חזית באחור,3,קלה,2013-10-09 08:00,3,מרכז דרך,2,עירונית לא בצומת,9,אחר,4,יום אחר,38,מרחב לכיש,9,לא ידוע מס מסלולים,,,,,,,,,5,לא ידוע,11,יום לא ידוע,,,9,לא ידוע,9,לא ידוע,9,לא ידוע,9,לא ידוע,9,לא ידוע,,,,,9,לא ידוע,,,,,,7100,אשקלון,1,ישראל ללא יהודה ושומרון,1,יום,4,רביעי,9,לא ידוע,6,הדרום,61,אשקלון,614,אזור אשקלון,,,14,יישובים יהודיים 199999-100000 תושבים,311,שד דרום אפריקה,,,9999,,,,,2013,10,9,33,,8,0,0101000020E61000006754EEC5B0484140C50A571D53AE3F40,34.567894688961,31.6809557282929,159092.0,621110.0
2013008845,32013008845,3,הלשכה המרכזית לסטטיסטיקה - סוג תיק 3,,3,התנגשות חזית באחור,3,קלה,2013-10-09 08:00,1,עיגון מדויק,2,עירונית לא בצומת,9,אחר,4,יום אחר,38,מרחב לכיש,9,לא ידוע מס מסלולים,,,,,,,,,5,לא ידוע,11,יום לא ידוע,,,9,לא ידוע,9,לא ידוע,9,לא ידוע,9,לא ידוע,9,לא ידוע,,,,,9,לא ידוע,,,,,,7100,אשקלון,1,ישראל ללא יהודה ושומרון,1,יום,4,רביעי,9,לא ידוע,6,הדרום,61,אשקלון,614,אזור אשקלון,,,14,יישובים יהודיים 199999-100000 תושבים,1035,בגין מנחם,,,34,,,,,2013,10,9,33,,8,0,0101000020E6100000E70B597F2E4B4140BA237EE185AC3F40,34.587356489639,31.6739178593595,160933.0,620319.0
2013008846,32013008846,3,הלשכה המרכזית לסטטיסטיקה - סוג תיק 3,,3,התנגשות חזית באחור,3,קלה,2013-08-22 08:00,3,מרכז דרך,2,עירונית לא בצומת,9,אחר,4,יום אחר,20,"מחוז ת""א",9,לא ידוע מס מסלולים,,,,,,,,,5,לא ידוע,11,יום לא ידוע,,,9,לא ידוע,9,לא ידוע,9,לא ידוע,9,לא ידוע,9,לא ידוע,,,,,9,לא ידוע,,,,,,5000,תל אביב -יפו,1,ישראל ללא יהודה ושומרון,1,יום,5,חמישי,9,לא ידוע,5,תל אביב,51,תל אביב,511,אזור תל אביב,,,13,יישובים יהודיים 499999-200000 תושבים,2601,דרך הטייסים,,,9999,,,,,2013,8,22,33,,8,0,0101000020E6100000F94769F4CF674140AFBE314CF8064040,34.8110337747639,32.0544524424453,182297.0,662417.0
2013008847,32013008847,3,הלשכה המרכזית לסטטיסטיקה - סוג תיק 3,,3,התנגשות חזית באחור,3,קלה,2013-10-22 08:00,3,מרכז דרך,2,עירונית לא בצומת,9,אחר,4,יום אחר,20,"מחוז ת""א",9,לא ידוע מס מסלולים,,,,,,,,,5,לא ידוע,11,יום לא ידוע,,,9,לא ידוע,9,לא ידוע,9,לא ידוע,9,לא ידוע,9,לא ידוע,,,,,9,לא ידוע,,,,,,5000,תל אביב -יפו,1,ישראל ללא יהודה ושומרון,1,יום,3,שלישי,9,לא ידוע,5,תל אביב,51,תל אביב,511,אזור תל אביב,,,13,יישובים יהודיים 499999-200000 תושבים,2562,יצחק שדה,,,9999,,,,,2013,10,22,33,,8,0,0101000020E6100000A36C12EB4C6541408B345BCD41084040,34.7914098587001,32.0645081229532,180448.0,663539.0
2013008849,32013008849,3,הלשכה המרכזית לסטטיסטיקה - סוג תיק 3,,3,התנגשות חזית באחור,3,קלה,2013-11-05 08:00,1,עיגון מדויק,4,לא-עירונית לא בצומת,9,אחר,4,יום אחר,61,מחוז ירושלים,9,לא ידוע מס מסלולים,,,,,,,,,5,לא ידוע,11,יום לא ידוע,,,9,לא ידוע,9,לא ידוע,9,לא ידוע,9,לא ידוע,9,לא ידוע,,,,,9,לא ידוע,1,,490.0,490,true,,,1,ישראל ללא יהודה ושומרון,1,יום,3,שלישי,9,לא ידוע,,,99,,,,,,,,,,,,,,,,,2013,11,5,33,,8,0,0101000020E610000075C4F8FF1090414070799642F2CC3F40,35.1255187954602,31.8005715958947,211976.0,634200.0
2013008850,32013008850,3,הלשכה המרכזית לסטטיסטיקה - סוג תיק 3,,3,התנגשות חזית באחור,3,קלה,2013-10-27 08:00,2,מרכז ישוב,2,עירונית לא בצומת,9,אחר,4,יום אחר,52,מרחב שפלה,9,לא ידוע מס מסלולים,,,,,,,,,5,לא ידוע,11,יום לא ידוע,,,9,לא ידוע,9,לא ידוע,9,לא ידוע,9,לא ידוע,9,לא ידוע,,,,,9,לא ידוע,,,,,,8400,רחובות,1,ישראל ללא יהודה ושומרון,1,יום,1,ראשון,9,לא ידוע,4,המרכז,44,רחובות,441,אזור רחובות,,,14,יישובים יהודיים 199999-100000 תושבים,,,,,9999,,,,,2013,10,27,33,,8,0,0101000020E61000009C394CFBB66741400BDDE2D95FE53F40,34.8102716562455,31.8959938219896,182161.0,644846.0
2013008851,32013008851,3,הלשכה המרכזית לסטטיסטיקה - סוג תיק 3,,3,התנגשות חזית באחור,3,קלה,2013-11-06 08:00,1,עיגון מדויק,3,לא-עירונית בצומת,9,אחר,4,יום אחר,12,מרחב גליל,9,לא ידוע מס מסלולים,,,,,,,,,5,לא ידוע,11,יום לא ידוע,,,9,לא ידוע,9,לא ידוע,9,לא ידוע,9,לא ידוע,9,לא ידוע,,,,,9,לא ידוע,4,8510,2345.0,2345,true,,,1,ישראל ללא יהודה ושומרון,1,יום,4,רביעי,9,לא ידוע,,,99,,,,,,,,,,,,,4048,צומת שמרת,צומת שמרת,,2013,11,6,33,,8,0,0101000020E61000005E3C4E6CA08B4140034AF17FDA794040,35.0908332235347,32.95198058397,208827.0,761888.0
2013008852,32013008852,3,הלשכה המרכזית לסטטיסטיקה - סוג תיק 3,,3,התנגשות חזית באחור,3,קלה,2013-10-31 08:00,2,מרכז ישוב,2,עירונית לא בצומת,9,אחר,4,יום אחר,11,מרחב חוף (חיפה),9,לא ידוע מס מסלולים,,,,,,,,,5,לא ידוע,11,יום לא ידוע,,,9,לא ידוע,9,לא ידוע,9,לא ידוע,9,לא ידוע,9,לא ידוע,,,,,9,לא ידוע,,,,,,617,ברקאי,1,ישראל ללא יהודה ושומרון,1,יום,5,חמישי,9,לא ידוע,3,חיפה,32,חדרה,324,אזור חדרה,14,מנשה,33,קיבוצים,,,,,9999,,,,,2013,10,31,33,,8,0,0101000020E6100000A225F536AB8341409AF72D3ECD3C4040,35.0286625573165,32.4750135158967,202926.0,709000.0
2013008853,32013008853,3,הלשכה המרכזית לסטטיסטיקה - סוג תיק 3,,3,התנגשות חזית באחור,3,קלה,2013-11-04 08:00,1,עיגון מדויק,4,לא-עירונית לא בצומת,9,אחר,4,יום אחר,20,"מחוז ת""א",9,לא ידוע מס מסלולים,,,,,,,,,5,לא ידוע,11,יום לא ידוע,,,9,לא ידוע,9,לא ידוע,9,לא ידוע,9,לא ידוע,9,לא ידוע,,,,,9,לא ידוע,5,,60.0,60,true,,,1,ישראל ללא יהודה ושומרון,1,יום,2,שני,9,לא ידוע,,,99,,,,,,,,,,,,,,,,,2013,11,4,33,,8,0,0101000020E610000013F434E5EA6D41405625E7B1CC0F4040,34.8587309368669,32.1234342936174,186826.0,670051.0
2013008854,32013008854,3,הלשכה המרכזית לסטטיסטיקה - סוג תיק 3,,3,התנגשות חזית באחור,3,קלה,2013-11-04 08:00,3,מרכז דרך,2,עירונית לא בצומת,9,אחר,4,יום אחר,38,מרחב לכיש,9,לא ידוע מס מסלולים,,,,,,,,,5,לא ידוע,11,יום לא ידוע,,,9,לא ידוע,9,לא ידוע,9,לא ידוע,9,לא ידוע,9,לא ידוע,,,,,9,לא ידוע,,,,,,70,אשדוד,1,ישראל ללא יהודה ושומרון,1,יום,2,שני,9,לא ידוע,6,הדרום,61,אשקלון,613,אזור אשדוד,,,13,יישובים יהודיים 499999-200000 תושבים,258,קרן היסוד,,,9999,,,,,2013,11,4,33,,8,0,0101000020E61000002B7730F11E524140C5E3C6F641CC3F40,34.641569279351,31.7978815303393,166145.0,634037.0
2013008855,32013008855,3,הלשכה המרכזית לסטטיסטיקה - סוג תיק 3,,3,התנגשות חזית באחור,3,קלה,2013-07-15 08:00,1,עיגון מדויק,4,לא-עירונית לא בצומת,9,אחר,4,יום אחר,52,מרחב שפלה,9,לא ידוע מס מסלולים,,,,,,,,,5,לא ידוע,11,יום לא ידוע,,,9,לא ידוע,9,לא ידוע,9,לא ידוע,9,לא ידוע,9,לא ידוע,,,,,9,לא ידוע,40,,2650.0,2650,true,,,1,ישראל ללא יהודה ושומרון,1,יום,2,שני,9,לא ידוע,,,99,,,,,,,,,,,,,,,,,2013,7,15,33,,8,0,0101000020E6100000F4FBACBBA96A4140707DBB7FB1E23F40,34.8333048433923,31.8855209191074,184336.0,643677.0
2013008856,32013008856,3,הלשכה המרכזית לסטטיסטיקה - סוג תיק 3,,3,התנגשות חזית באחור,3,קלה,2013-10-27 08:00,2,מרכז ישוב,2,עירונית לא בצומת,9,אחר,4,יום אחר,11,מרחב חוף (חיפה),9,לא ידוע מס מסלולים,,,,,,,,,5,לא ידוע,11,יום לא ידוע,,,9,לא ידוע,9,לא ידוע,9,לא ידוע,9,לא ידוע,9,לא ידוע,,,,,9,לא ידוע,,,,,,6000,באקה אל-גרביה,1,ישראל ללא יהודה ושומרון,1,יום,1,ראשון,9,לא ידוע,3,חיפה,32,חדרה,324,אזור חדרה,,,26,יישובים לא יהודיים 49999-20000 תושבים,,,,,9999,,,,,2013,10,27,33,,8,0,0101000020E6100000B6BD3C76428541406CFBDED6C9354040,35.0410907551372,32.4202221478252,204085.0,702922.0
2013008857,32013008857,3,הלשכה המרכזית לסטטיסטיקה - סוג תיק 3,,3,התנגשות חזית באחור,3,קלה,2013-03-06 08:00,3,מרכז דרך,2,עירונית לא בצומת,9,אחר,4,יום אחר,52,מרחב שפלה,9,לא ידוע מס מסלולים,,,,,,,,,5,לא ידוע,11,יום לא ידוע,,,9,לא ידוע,9,לא ידוע,9,לא ידוע,9,לא ידוע,9,לא ידוע,,,,,9,לא ידוע,,,,,,8300,ראשון לציון,1,ישראל ללא יהודה ושומרון,1,יום,4,רביעי,9,לא ידוע,4,המרכז,44,רחובות,442,אזור ראשון לציון,,,13,יישובים יהודיים 499999-200000 תושבים,5101,דרך המכבים,,,9999,,,,,2013,3,6,33,,8,0,0101000020E610000007C83DB8F06741405C1CC41124FD3F40,34.8120336820285,31.9888316253458,182365.0,655140.0
2013008858,32013008858,3,הלשכה המרכזית לסטטיסטיקה - סוג תיק 3,,3,התנגשות חזית באחור,3,קלה,2013-10-27 08:00,1,עיגון מדויק,4,לא-עירונית לא בצומת,9,אחר,4,יום אחר,52,מרחב שפלה,9,לא ידוע מס מסלולים,,,,,,,,,5,לא ידוע,11,יום לא ידוע,,,9,לא ידוע,9,לא ידוע,9,לא ידוע,9,לא ידוע,9,לא ידוע,,,,,9,לא ידוע,40,,2700.0,2700,true,,,1,ישראל ללא יהודה ושומרון,1,יום,1,ראשון,9,לא ידוע,,,99,,,,,,,,,,,,,,,,,2013,10,27,33,,8,0,0101000020E6100000691E6C5EB06E414068E8C701F4EA3F40,34.86475734977,31.9177857506806,187323.0,647245.0
2013008859,32013008859,3,הלשכה המרכזית לסטטיסטיקה - סוג תיק 3,,3,התנגשות חזית באחור,3,קלה,2013-10-23 08:00,3,מרכז דרך,2,עירונית לא בצומת,9,אחר,4,יום אחר,52,מרחב שפלה,9,לא ידוע מס מסלולים,,,,,,,,,5,לא ידוע,11,יום לא ידוע,,,9,לא ידוע,9,לא ידוע,9,לא ידוע,9,לא ידוע,9,לא ידוע,,,,,9,לא ידוע,,,,,,2550,גדרה,1,ישראל ללא יהודה ושומרון,1,יום,4,רביעי,9,לא ידוע,4,המרכז,44,רחובות,441,אזור רחובות,99,מועצה מקומית,16,יישובים יהודיים 49999-20000 תושבים,113,ויצמן,,,9999,,,,,2013,10,23,33,,8,0,0101000020E61000001BCF0437B46441401D9FB51C1BD13F40,34.7867497228128,31.8168199485218,179902.0,636075.0
2013008860,32013008860,3,הלשכה המרכזית לסטטיסטיקה - סוג תיק 3,,3,התנגשות חזית באחור,3,קלה,2013-10-22 08:00,3,מרכז דרך,2,עירונית לא בצומת,9,אחר,4,יום אחר,61,מחוז ירושלים,9,לא ידוע מס מסלולים,,,,,,,,,5,לא ידוע,11,יום לא ידוע,,,9,לא ידוע,9,לא ידוע,9,לא ידוע,9,לא ידוע,9,לא ידוע,,,,,9,לא ידוע,,,,,,3000,ירושלים,1,ישראל ללא יהודה ושומרון,1,יום,3,שלישי,9,לא ידוע,1,ירושלים,11,ירושלים,111,הרי יהודה,,,12,יישובים יהודיים 500000 תושבים ומעלה,1714,דרך חברון,,,9999,,,,,2013,10,22,33,,8,0,0101000020E610000070BE0BC4079C414084EC842B0AC03F40,35.2189869935363,31.7501551818391,220828.0,628607.0
2013008861,32013008861,3,הלשכה המרכזית לסטטיסטיקה - סוג תיק 3,,3,התנגשות חזית באחור,3,קלה,2013-10-31 08:00,2,מרכז ישוב,2,עירונית לא בצומת,9,אחר,4,יום אחר,52,מרחב שפלה,9,לא ידוע מס מסלולים,,,,,,,,,5,לא ידוע,11,יום לא ידוע,,,9,לא ידוע,9,לא ידוע,9,לא ידוע,9,לא ידוע,9,לא ידוע,,,,,9,לא ידוע,,,,,,757,מצליח,1,ישראל ללא יהודה ושומרון,1,יום,5,חמישי,9,לא ידוע,4,המרכז,43,רמלה,432,,30,גזר,31,מושבים - לרבות כפרים שיתופיים,,,,,9999,,,,,2013,10,31,33,,8,0,0101000020E6100000E7B17CE2FA6F4140259DC784EFE73F40,34.8748438938963,31.9059985148753,188273.0,645935.0
2013008862,32013008862,3,הלשכה המרכזית לסטטיסטיקה - סוג תיק 3,,3,התנגשות חזית באחור,3,קלה,2013-01-15 08:00,1,עיגון מדויק,4,לא-עירונית לא בצומת,9,אחר,4,יום אחר,41,מרחב שומרון,9,לא ידוע מס מסלולים,,,,,,,,,5,לא ידוע,11,יום לא ידוע,,,9,לא ידוע,9,לא ידוע,9,לא ידוע,9,לא ידוע,9,לא ידוע,,,,,9,לא ידוע,5,,290.0,290,true,,,2,יהודה ושומרון,1,יום,3,שלישי,9,לא ידוע,,,99,,,,,,,,,,,,,,,,,2013,1,15,33,,8,0,0101000020E6100000512FA02F848B414002ED6755DC0B4040,35.089971497741,32.0926615483713,208644.0,666592.0
2013008863,32013008863,3,הלשכה המרכזית לסטטיסטיקה - סוג תיק 3,,3,התנגשות חזית באחור,3,קלה,2013-10-27 08:00,2,מרכז ישוב,2,עירונית לא בצומת,9,אחר,4,יום אחר,11,מרחב חוף (חיפה),9,לא ידוע מס מסלולים,,,,,,,,,5,לא ידוע,11,יום לא ידוע,,,9,לא ידוע,9,לא ידוע,9,לא ידוע,9,לא ידוע,9,לא ידוע,,,,,9,לא ידוע,,,,,,4000,חיפה,1,ישראל ללא יהודה ושומרון,1,יום,1,ראשון,9,לא ידוע,3,חיפה,31,חיפה,311,אזור חיפה,,,13,יישובים יהודיים 499999-200000 תושבים,,,,,9999,,,,,2013,10,27,33,,8,0,0101000020E61000007DF485836C814140A7B9B2E872664040,35.0111240772321,32.8003817436868,201343.0,745086.0
2013008864,32013008864,3,הלשכה המרכזית לסטטיסטיקה - סוג תיק 3,,3,התנגשות חזית באחור,3,קלה,2013-10-24 08:00,2,מרכז ישוב,2,עירונית לא בצומת,9,אחר,4,יום אחר,51,מרחב השרון,9,לא ידוע מס מסלולים,,,,,,,,,5,לא ידוע,11,יום לא ידוע,,,9,לא ידוע,9,לא ידוע,9,לא ידוע,9,לא ידוע,9,לא ידוע,,,,,9,לא ידוע,,,,,,276,צור משה,1,ישראל ללא יהודה ושומרון,1,יום,5,חמישי,9,לא ידוע,4,המרכז,41,השרון,411,מערב השרון,18,לב השרון,19,יישובים יהודיים 4999-2000 תושבים,,,,,5613,,,,,2013,10,24,33,,8,0,0101000020E6100000BCB42A2A93744140C0BA2B0925264040,34.9107411106611,32.2980052436374,191787.0,689395.0
2013008865,32013008865,3,הלשכה המרכזית לסטטיסטיקה - סוג תיק 3,,3,התנגשות חזית באחור,3,קלה,2013-10-20 08:00,3,מרכז דרך,2,עירונית לא בצומת,9,אחר,4,יום אחר,51,מרחב השרון,9,לא ידוע מס מסלולים,,,,,,,,,5,לא ידוע,11,יום לא ידוע,,,9,לא ידוע,9,לא ידוע,9,לא ידוע,9,לא ידוע,9,לא ידוע,,,,,9,לא ידוע,,,,,,182,אבן יהודה,1,ישראל ללא יהודה ושומרון,1,יום,1,ראשון,9,לא ידוע,4,המרכז,41,השרון,411,מערב השרון,99,מועצה מקומית,17,יישובים יהודיים 19999-10000 תושבים,132,המיסדים,,,9999,,,,,2013,10,20,33,,8,0,0101000020E6100000F56F17B67970414014A315C88B224040,34.8787143339577,32.2698907952928,188761.0,686286.0
2013008866,32013008866,3,הלשכה המרכזית לסטטיסטיקה - סוג תיק 3,,3,התנגשות חזית באחור,3,קלה,2013-10-27 08:00,2,מרכז ישוב,2,עירונית לא בצומת,9,אחר,4,יום אחר,52,מרחב שפלה,9,לא ידוע מס מסלולים,,,,,,,,,5,לא ידוע,11,יום לא ידוע,,,9,לא ידוע,9,לא ידוע,9,לא ידוע,9,לא ידוע,9,לא ידוע,,,,,9,לא ידוע,,,,,,8400,רחובות,1,ישראל ללא יהודה ושומרון,1,יום,1,ראשון,9,לא ידוע,4,המרכז,44,רחובות,441,אזור רחובות,,,14,יישובים יהודיים 199999-100000 תושבים,,,,,9999,,,,,2013,10,27,33,,8,0,0101000020E61000009C394CFBB66741400BDDE2D95FE53F40,34.8102716562455,31.8959938219896,182161.0,644846.0
2013008867,32013008867,3,הלשכה המרכזית לסטטיסטיקה - סוג תיק 3,,3,התנגשות חזית באחור,3,קלה,2013-10-28 08:00,3,מרכז דרך,2,עירונית לא בצומת,9,אחר,4,יום אחר,61,מחוז ירושלים,9,לא ידוע מס מסלולים,,,,,,,,,5,לא ידוע,11,יום לא ידוע,,,9,לא ידוע,9,לא ידוע,9,לא ידוע,9,לא ידוע,9,לא ידוע,,,,,9,לא ידוע,,,,,,3000,ירושלים,1,ישראל ללא יהודה ושומרון,1,יום,2,שני,9,לא ידוע,1,ירושלים,11,ירושלים,111,הרי יהודה,,,12,יישובים יהודיים 500000 תושבים ומעלה,1402,"שח""ל",,,9999,,,,,2013,10,28,33,,8,0,0101000020E61000008831614735994140CD701D52F2C23F40,35.1969384407594,31.7615100213887,218739.0,629866.0
2019092176,32019092176,3,הלשכה המרכזית לסטטיסטיקה - סוג תיק 3,3,19,התנגשות עם בעל חיים,3,קלה,2019-01-27 05:30,2,מרכז ישוב,2,עירונית לא בצומת,9,אחר,4,יום אחר,12,מרחב גליל,9,לא ידוע מס מסלולים,,,,,,,,,5,לא ידוע,6,לילה לא ידוע,,,9,לא ידוע,9,לא ידוע,9,לא ידוע,9,לא ידוע,9,לא ידוע,,,,,9,לא ידוע,,,,,,1317,דמיידה,1,ישראל ללא יהודה ושומרון,5,לילה,1,ראשון,9,לא ידוע,2,הצפון,24,עכו,241,אזור שפרעם,56,משגב,45,יישובים כפריים אחרים לא יהודיים,,,,,9999,,,,,2019,1,27,23,05:30-05:44,5,30,0101000020E6100000B441AC84239D4140EC8EF0E369684040,35.2276464310739,32.8157315182305,221623.0,746772.0
2013008869,32013008869,3,הלשכה המרכזית לסטטיסטיקה - סוג תיק 3,,3,התנגשות חזית באחור,3,קלה,2013-09-15 08:00,2,מרכז ישוב,2,עירונית לא בצומת,9,אחר,4,יום אחר,61,מחוז ירושלים,9,לא ידוע מס מסלולים,,,,,,,,,5,לא ידוע,11,יום לא ידוע,,,9,לא ידוע,9,לא ידוע,9,לא ידוע,9,לא ידוע,9,לא ידוע,,,,,9,לא ידוע,,,,,,3000,ירושלים,1,ישראל ללא יהודה ושומרון,1,יום,1,ראשון,9,לא ידוע,1,ירושלים,11,ירושלים,111,הרי יהודה,,,12,יישובים יהודיים 500000 תושבים ומעלה,6701,שכ מנחת,,,9999,,,,,2013,9,15,33,,8,0,0101000020E6100000AE8EFC385497414061482F81DCC03F40,35.1822577698889,31.7533646336018,217348.0,628963.0
2013008870,32013008870,3,הלשכה המרכזית לסטטיסטיקה - סוג תיק 3,,3,התנגשות חזית באחור,3,קלה,2013-10-28 08:00,1,עיגון מדויק,4,לא-עירונית לא בצומת,9,אחר,4,יום אחר,51,מרחב השרון,9,לא ידוע מס מסלולים,,,,,,,,,5,לא ידוע,11,יום לא ידוע,,,9,לא ידוע,9,לא ידוע,9,לא ידוע,9,לא ידוע,9,לא ידוע,,,,,9,לא ידוע,40,,2900.0,2900,true,,,1,ישראל ללא יהודה ושומרון,1,יום,2,שני,9,לא ידוע,,,99,,,,,,,,,,,,,,,,,2013,10,28,33,,8,0,0101000020E6100000565D5380AC7341407C404E1BAC094040,34.9037018210462,32.0755647785272,191055.0,664730.0
2013008871,32013008871,3,הלשכה המרכזית לסטטיסטיקה - סוג תיק 3,,3,התנגשות חזית באחור,3,קלה,2013-06-02 08:00,3,מרכז דרך,2,עירונית לא בצומת,9,אחר,4,יום אחר,52,מרחב שפלה,9,לא ידוע מס מסלולים,,,,,,,,,5,לא ידוע,11,יום לא ידוע,,,9,לא ידוע,9,לא ידוע,9,לא ידוע,9,לא ידוע,9,לא ידוע,,,,,9,לא ידוע,,,,,,2660,יבנה,1,ישראל ללא יהודה ושומרון,1,יום,1,ראשון,9,לא ידוע,4,המרכז,44,רחובות,441,אזור רחובות,,,16,יישובים יהודיים 49999-20000 תושבים,139,חטיבת גבעתי,,,14,,,,,2013,6,2,33,,8,0,0101000020E6100000245ECDAC7E5E41402584B94A86DE3F40,34.7382408144734,31.8692366316719,175334.0,641906.0
2013008872,32013008872,3,הלשכה המרכזית לסטטיסטיקה - סוג תיק 3,,3,התנגשות חזית באחור,3,קלה,2013-10-07 08:00,3,מרכז דרך,2,עירונית לא בצומת,9,אחר,4,יום אחר,20,"מחוז ת""א",9,לא ידוע מס מסלולים,,,,,,,,,5,לא ידוע,11,יום לא ידוע,,,9,לא ידוע,9,לא ידוע,9,לא ידוע,9,לא ידוע,9,לא ידוע,,,,,9,לא ידוע,,,,,,5000,תל אביב -יפו,1,ישראל ללא יהודה ושומרון,1,יום,2,שני,9,לא ידוע,5,תל אביב,51,תל אביב,511,אזור תל אביב,,,13,יישובים יהודיים 499999-200000 תושבים,2648,לה גארדיה,,,9999,,,,,2013,10,7,33,,8,0,0101000020E6100000549D4F937D654140D1B7D8FA95074040,34.7928947581046,32.0592645223802,180586.0,662957.0
2013008873,32013008873,3,הלשכה המרכזית לסטטיסטיקה - סוג תיק 3,,3,התנגשות חזית באחור,3,קלה,2013-02-12 08:00,2,מרכז ישוב,2,עירונית לא בצומת,9,אחר,4,יום אחר,12,מרחב גליל,9,לא ידוע מס מסלולים,,,,,,,,,5,לא ידוע,11,יום לא ידוע,,,9,לא ידוע,9,לא ידוע,9,לא ידוע,9,לא ידוע,9,לא ידוע,,,,,9,לא ידוע,,,,,,7500,סח'נין,1,ישראל ללא יהודה ושומרון,1,יום,3,שלישי,9,לא ידוע,2,הצפון,24,עכו,241,אזור שפרעם,,,26,יישובים לא יהודיים 49999-20000 תושבים,,,,,9999,,,,,2013,2,12,33,,8,0,0101000020E6100000E6F19749B8A74140EDF4E825A86E4040,35.310311507408,32.8645064723476,229359.0,752186.0
2013008874,32013008874,3,הלשכה המרכזית לסטטיסטיקה - סוג תיק 3,,3,התנגשות חזית באחור,3,קלה,2013-10-17 08:00,3,מרכז דרך,2,עירונית לא בצומת,9,אחר,4,יום אחר,38,מרחב לכיש,9,לא ידוע מס מסלולים,,,,,,,,,5,לא ידוע,11,יום לא ידוע,,,9,לא ידוע,9,לא ידוע,9,לא ידוע,9,לא ידוע,9,לא ידוע,,,,,9,לא ידוע,,,,,,2630,קריית גת,1,ישראל ללא יהודה ושומרון,1,יום,5,חמישי,9,לא ידוע,6,הדרום,61,אשקלון,612,אזור לכיש,,,16,יישובים יהודיים 49999-20000 תושבים,168,שד פולק ישראל,,,9999,,,,,2013,10,17,33,,8,0,0101000020E6100000ECEF89B1EB63414038BDFF56219A3F40,34.7806302951356,31.6020712255824,179230.0,612265.0
2013008875,32013008875,3,הלשכה המרכזית לסטטיסטיקה - סוג תיק 3,,3,התנגשות חזית באחור,3,קלה,2013-11-04 08:00,2,מרכז ישוב,2,עירונית לא בצומת,9,אחר,4,יום אחר,11,מרחב חוף (חיפה),9,לא ידוע מס מסלולים,,,,,,,,,5,לא ידוע,11,יום לא ידוע,,,9,לא ידוע,9,לא ידוע,9,לא ידוע,9,לא ידוע,9,לא ידוע,,,,,9,לא ידוע,,,,,,9300,זכרון יעקב,1,ישראל ללא יהודה ושומרון,1,יום,2,שני,9,לא ידוע,3,חיפה,32,חדרה,322,אזור זכרון יעקב,99,מועצה מקומית,16,יישובים יהודיים 49999-20000 תושבים,,,,,9999,,,,,2013,11,4,33,,8,0,0101000020E61000001F8734F89C7B41402BF4DD44B5484040,34.9657278305515,32.5680318912276,197033.0,719327.0
2013008876,32013008876,3,הלשכה המרכזית לסטטיסטיקה - סוג תיק 3,,3,התנגשות חזית באחור,3,קלה,2013-11-10 08:00,1,עיגון מדויק,4,לא-עירונית לא בצומת,9,אחר,4,יום אחר,11,מרחב חוף (חיפה),9,לא ידוע מס מסלולים,,,,,,,,,5,לא ידוע,11,יום לא ידוע,,,9,לא ידוע,9,לא ידוע,9,לא ידוע,9,לא ידוע,9,לא ידוע,,,,,9,לא ידוע,75,,388.0,388,true,,,1,ישראל ללא יהודה ושומרון,1,יום,1,ראשון,9,לא ידוע,,,99,,,,,,,,,,,,,,,,,2013,11,10,33,,8,0,0101000020E61000000A14600CFE8C41405A442B09A65C4040,35.1015029400952,32.7238170110001,209800.0,736583.0
2013008877,32013008877,3,הלשכה המרכזית לסטטיסטיקה - סוג תיק 3,,3,התנגשות חזית באחור,3,קלה,2013-10-15 08:00,2,מרכז ישוב,2,עירונית לא בצומת,9,אחר,4,יום אחר,51,מרחב השרון,9,לא ידוע מס מסלולים,,,,,,,,,5,לא ידוע,11,יום לא ידוע,,,9,לא ידוע,9,לא ידוע,9,לא ידוע,9,לא ידוע,9,לא ידוע,,,,,9,לא ידוע,,,,,,2730,טייבה,1,ישראל ללא יהודה ושומרון,1,יום,3,שלישי,9,לא ידוע,4,המרכז,41,השרון,412,מזרח השרון,,,26,יישובים לא יהודיים 49999-20000 תושבים,,,,,9999,,,,,2013,10,15,33,,8,0,0101000020E61000003535AE1AF77F41400A7F01B79A214040,34.9997285223603,32.262534023028,200161.0,685442.0
2013008878,32013008878,3,הלשכה המרכזית לסטטיסטיקה - סוג תיק 3,,3,התנגשות חזית באחור,3,קלה,2013-11-13 08:00,2,מרכז ישוב,2,עירונית לא בצומת,9,אחר,4,יום אחר,20,"מחוז ת""א",9,לא ידוע מס מסלולים,,,,,,,,,5,לא ידוע,11,יום לא ידוע,,,9,לא ידוע,9,לא ידוע,9,לא ידוע,9,לא ידוע,9,לא ידוע,,,,,9,לא ידוע,,,,,,5000,תל אביב -יפו,1,ישראל ללא יהודה ושומרון,1,יום,4,רביעי,9,לא ידוע,5,תל אביב,51,תל אביב,511,אזור תל אביב,,,13,יישובים יהודיים 499999-200000 תושבים,,,,,9999,,,,,2013,11,13,33,,8,0,0101000020E610000076BA2BC065654140045D2158CE0A4040,34.7921676839368,32.0844221270472,180528.0,665747.0
2013008879,32013008879,3,הלשכה המרכזית לסטטיסטיקה - סוג תיק 3,,3,התנגשות חזית באחור,3,קלה,2013-11-12 08:00,2,מרכז ישוב,2,עירונית לא בצומת,9,אחר,4,יום אחר,52,מרחב שפלה,9,לא ידוע מס מסלולים,,,,,,,,,5,לא ידוע,11,יום לא ידוע,,,9,לא ידוע,9,לא ידוע,9,לא ידוע,9,לא ידוע,9,לא ידוע,,,,,9,לא ידוע,,,,,,466,בית דגן,1,ישראל ללא יהודה ושומרון,1,יום,3,שלישי,9,לא ידוע,4,המרכז,43,רמלה,432,,99,מועצה מקומית,18,יישובים יהודיים 9999-5000 תושבים,,,,,9999,,,,,2013,11,12,33,,8,0,0101000020E61000000C18FFAA3B6A4140EB6111D3ECFF3F40,34.829945921476,31.999707404846,184062.0,656340.0
2013008880,32013008880,3,הלשכה המרכזית לסטטיסטיקה - סוג תיק 3,,3,התנגשות חזית באחור,3,קלה,2013-11-12 08:00,3,מרכז דרך,2,עירונית לא בצומת,9,אחר,4,יום אחר,52,מרחב שפלה,9,לא ידוע מס מסלולים,,,,,,,,,5,לא ידוע,11,יום לא ידוע,,,9,לא ידוע,9,לא ידוע,9,לא ידוע,9,לא ידוע,9,לא ידוע,,,,,9,לא ידוע,,,,,,8300,ראשון לציון,1,ישראל ללא יהודה ושומרון,1,יום,3,שלישי,9,לא ידוע,4,המרכז,44,רחובות,442,אזור ראשון לציון,,,13,יישובים יהודיים 499999-200000 תושבים,925,שד דיין משה,,,9999,,,,,2013,11,12,33,,8,0,0101000020E6100000353FE398A663414051E6672ADCFA3F40,34.7785216436008,31.9799219611799,179194.0,654164.0
2013008881,32013008881,3,הלשכה המרכזית לסטטיסטיקה - סוג תיק 3,,3,התנגשות חזית באחור,3,קלה,2013-11-12 08:00,1,עיגון מדויק,4,לא-עירונית לא בצומת,9,אחר,4,יום אחר,52,מרחב שפלה,9,לא ידוע מס מסלולים,,,,,,,,,5,לא ידוע,11,יום לא ידוע,,,9,לא ידוע,9,לא ידוע,9,לא ידוע,9,לא ידוע,9,לא ידוע,,,,,9,לא ידוע,1,,200.0,200,true,,,1,ישראל ללא יהודה ושומרון,1,יום,3,שלישי,9,לא ידוע,,,99,,,,,,,,,,,,,,,,,2013,11,12,33,,8,0,0101000020E610000085541F160E7741403439DCC09FF13F40,34.9301173832874,31.9438438928275,193512.0,650117.0
2013008882,32013008882,3,הלשכה המרכזית לסטטיסטיקה - סוג תיק 3,,3,התנגשות חזית באחור,3,קלה,2013-11-03 08:00,1,עיגון מדויק,4,לא-עירונית לא בצומת,9,אחר,4,יום אחר,20,"מחוז ת""א",9,לא ידוע מס מסלולים,,,,,,,,,5,לא ידוע,11,יום לא ידוע,,,9,לא ידוע,9,לא ידוע,9,לא ידוע,9,לא ידוע,9,לא ידוע,,,,,9,לא ידוע,20,,90.0,90,true,,,1,ישראל ללא יהודה ושומרון,1,יום,1,ראשון,9,לא ידוע,,,99,,,,,,,,,,,,,,,,,2013,11,3,33,,8,0,0101000020E61000001C3D680C546141400569755196034040,34.7603774556139,32.0280248473446,177501.0,659505.0
2013008883,32013008883,3,הלשכה המרכזית לסטטיסטיקה - סוג תיק 3,,3,התנגשות חזית באחור,3,קלה,2013-11-11 08:00,2,מרכז ישוב,2,עירונית לא בצומת,9,אחר,4,יום אחר,11,מרחב חוף (חיפה),9,לא ידוע מס מסלולים,,,,,,,,,5,לא ידוע,11,יום לא ידוע,,,9,לא ידוע,9,לא ידוע,9,לא ידוע,9,לא ידוע,9,לא ידוע,,,,,9,לא ידוע,,,,,,6500,חדרה,1,ישראל ללא יהודה ושומרון,1,יום,2,שני,9,לא ידוע,3,חיפה,32,חדרה,324,אזור חדרה,,,15,יישובים יהודיים 99999-50000 תושבים,,,,,9999,,,,,2013,11,11,33,,8,0,0101000020E610000046B393356A7541401C6FC462BA374040,34.9173037501519,32.4353755435133,192446.0,704627.0
2013008884,32013008884,3,הלשכה המרכזית לסטטיסטיקה - סוג תיק 3,,3,התנגשות חזית באחור,3,קלה,2013-11-14 08:00,1,עיגון מדויק,4,לא-עירונית לא בצומת,9,אחר,4,יום אחר,38,מרחב לכיש,9,לא ידוע מס מסלולים,,,,,,,,,5,לא ידוע,11,יום לא ידוע,,,9,לא ידוע,9,לא ידוע,9,לא ידוע,9,לא ידוע,9,לא ידוע,,,,,9,לא ידוע,41,,20.0,20,true,,,1,ישראל ללא יהודה ושומרון,1,יום,5,חמישי,9,לא ידוע,,,99,,,,,,,,,,,,,,,,,2013,11,14,33,,8,0,0101000020E61000006415C6B60E564140B0BF296702D43F40,34.6723240344243,31.8281616665769,169074.0,637380.0
2013008885,32013008885,3,הלשכה המרכזית לסטטיסטיקה - סוג תיק 3,,3,התנגשות חזית באחור,3,קלה,2013-11-05 08:00,1,עיגון מדויק,4,לא-עירונית לא בצומת,9,אחר,4,יום אחר,51,מרחב השרון,9,לא ידוע מס מסלולים,,,,,,,,,5,לא ידוע,11,יום לא ידוע,,,9,לא ידוע,9,לא ידוע,9,לא ידוע,9,לא ידוע,9,לא ידוע,,,,,9,לא ידוע,2,,230.0,230,true,,,1,ישראל ללא יהודה ושומרון,1,יום,3,שלישי,9,לא ידוע,,,99,,,,,,,,,,,,,,,,,2013,11,5,33,,8,0,0101000020E610000031B3F5F512674140FE65FA7057134040,34.8052661370952,32.1511059973381,181792.0,673137.0
2013008886,32013008886,3,הלשכה המרכזית לסטטיסטיקה - סוג תיק 3,,3,התנגשות חזית באחור,3,קלה,2013-11-11 08:00,2,מרכז ישוב,2,עירונית לא בצומת,9,אחר,4,יום אחר,20,"מחוז ת""א",9,לא ידוע מס מסלולים,,,,,,,,,5,לא ידוע,11,יום לא ידוע,,,9,לא ידוע,9,לא ידוע,9,לא ידוע,9,לא ידוע,9,לא ידוע,,,,,9,לא ידוע,,,,,,5000,תל אביב -יפו,1,ישראל ללא יהודה ושומרון,1,יום,2,שני,9,לא ידוע,5,תל אביב,51,תל אביב,511,אזור תל אביב,,,13,יישובים יהודיים 499999-200000 תושבים,,,,,9999,,,,,2013,11,11,33,,8,0,0101000020E610000076BA2BC065654140045D2158CE0A4040,34.7921676839368,32.0844221270472,180528.0,665747.0
2013008887,32013008887,3,הלשכה המרכזית לסטטיסטיקה - סוג תיק 3,,3,התנגשות חזית באחור,3,קלה,2013-11-12 08:00,2,מרכז ישוב,2,עירונית לא בצומת,9,אחר,4,יום אחר,14,מרחב עמקים,9,לא ידוע מס מסלולים,,,,,,,,,5,לא ידוע,11,יום לא ידוע,,,9,לא ידוע,9,לא ידוע,9,לא ידוע,9,לא ידוע,9,לא ידוע,,,,,9,לא ידוע,,,,,,1293,גבעת אבני,1,ישראל ללא יהודה ושומרון,1,יום,3,שלישי,9,לא ידוע,2,הצפון,22,כנרת,222,גליל תחתון מזרחי,3,הגליל התחתון,19,יישובים יהודיים 4999-2000 תושבים,,,,,9999,,,,,2013,11,12,33,,8,0,0101000020E6100000390BD4B01EB84140AA121EE73D634040,35.4384366069193,32.7753266236153,241373.0,742315.0
2013008888,32013008888,3,הלשכה המרכזית לסטטיסטיקה - סוג תיק 3,,3,התנגשות חזית באחור,3,קלה,2013-11-14 08:00,3,מרכז דרך,2,עירונית לא בצומת,9,אחר,4,יום אחר,61,מחוז ירושלים,9,לא ידוע מס מסלולים,,,,,,,,,5,לא ידוע,11,יום לא ידוע,,,9,לא ידוע,9,לא ידוע,9,לא ידוע,9,לא ידוע,9,לא ידוע,,,,,9,לא ידוע,,,,,,3000,ירושלים,1,ישראל ללא יהודה ושומרון,1,יום,5,חמישי,9,לא ידוע,1,ירושלים,11,ירושלים,111,הרי יהודה,,,12,יישובים יהודיים 500000 תושבים ומעלה,4101,שעפט,,,9999,,,,,2013,11,14,33,,8,0,0101000020E610000025E12398E49D414048EBE8D046CF3F40,35.2335386443322,31.8096743172312,222205.0,635207.0
2013008889,32013008889,3,הלשכה המרכזית לסטטיסטיקה - סוג תיק 3,,3,התנגשות חזית באחור,3,קלה,2013-10-11 08:00,2,מרכז ישוב,2,עירונית לא בצומת,9,אחר,4,יום אחר,12,מרחב גליל,9,לא ידוע מס מסלולים,,,,,,,,,5,לא ידוע,11,יום לא ידוע,,,9,לא ידוע,9,לא ידוע,9,לא ידוע,9,לא ידוע,9,לא ידוע,,,,,9,לא ידוע,,,,,,8800,שפרעם,1,ישראל ללא יהודה ושומרון,1,יום,6,שישי,9,לא ידוע,2,הצפון,24,עכו,241,אזור שפרעם,,,26,יישובים לא יהודיים 49999-20000 תושבים,,,,,9999,,,,,2013,10,11,33,,8,0,0101000020E61000007ADC5A24B89641406BD8F906B1664040,35.17749456822,32.8022774429272,216926.0,745280.0
2013008890,32013008890,3,הלשכה המרכזית לסטטיסטיקה - סוג תיק 3,,3,התנגשות חזית באחור,3,קלה,2013-10-28 08:00,3,מרכז דרך,2,עירונית לא בצומת,9,אחר,4,יום אחר,38,מרחב לכיש,9,לא ידוע מס מסלולים,,,,,,,,,5,לא ידוע,11,יום לא ידוע,,,9,לא ידוע,9,לא ידוע,9,לא ידוע,9,לא ידוע,9,לא ידוע,,,,,9,לא ידוע,,,,,,7100,אשקלון,1,ישראל ללא יהודה ושומרון,1,יום,2,שני,9,לא ידוע,6,הדרום,61,אשקלון,614,אזור אשקלון,,,14,יישובים יהודיים 199999-100000 תושבים,630,ההסתדרות,,,9999,,,,,2013,10,28,33,,8,0,0101000020E610000094A0391AC447414038E4B81F67A83F40,34.5606720715888,31.6578235460658,158392.0,618549.0
2013008891,32013008891,3,הלשכה המרכזית לסטטיסטיקה - סוג תיק 3,,3,התנגשות חזית באחור,3,קלה,2013-10-28 08:00,3,מרכז דרך,2,עירונית לא בצומת,9,אחר,4,יום אחר,38,מרחב לכיש,9,לא ידוע מס מסלולים,,,,,,,,,5,לא ידוע,11,יום לא ידוע,,,9,לא ידוע,9,לא ידוע,9,לא ידוע,9,לא ידוע,9,לא ידוע,,,,,9,לא ידוע,,,,,,7100,אשקלון,1,ישראל ללא יהודה ושומרון,1,יום,2,שני,9,לא ידוע,6,הדרום,61,אשקלון,614,אזור אשקלון,,,14,יישובים יהודיים 199999-100000 תושבים,630,ההסתדרות,,,9999,,,,,2013,10,28,33,,8,0,0101000020E610000094A0391AC447414038E4B81F67A83F40,34.5606720715888,31.6578235460658,158392.0,618549.0
2013008892,32013008892,3,הלשכה המרכזית לסטטיסטיקה - סוג תיק 3,,3,התנגשות חזית באחור,3,קלה,2013-10-30 08:00,1,עיגון מדויק,4,לא-עירונית לא בצומת,9,אחר,4,יום אחר,12,מרחב גליל,9,לא ידוע מס מסלולים,,,,,,,,,5,לא ידוע,11,יום לא ידוע,,,9,לא ידוע,9,לא ידוע,9,לא ידוע,9,לא ידוע,9,לא ידוע,,,,,9,לא ידוע,89,,220.0,220,true,,,1,ישראל ללא יהודה ושומרון,1,יום,4,רביעי,9,לא ידוע,,,99,,,,,,,,,,,,,,,,,2013,10,30,33,,8,0,0101000020E6100000EB8EB77F21A741402CE096610A814040,35.3057098051339,33.0081293093393,228913.0,768114.0
